{
  "name": "YD41",
  "tws": [
    2.0576,
    2.572
  ],
  "twa": [
    30.0,
    105.0,
    180.0
  ],
  "sails": [
    "MN1 + J1"
  ],
  "results": [
    [
      [
        [
          2.561569616552873,
          2.6110567429378033,
          4.472736970112156,
          0.0,
          0.0
        ]
      ],
      [
        [
          4.657775782476055,
          1.7282870421334744,
          0.9115835200751912,
          0.0,
          0.0
        ]
      ],
      [
        [
          2.1204252257214926,
          0.018047795247716058,
          0.04584440929630988,
          0.0,
          0.0
        ]
      ]
    ],
    [
      [
        [
          3.244752034566093,
          3.8396542222476215,
          4.380194863144825,
          0.0,
          0.0
        ]
      ],
      [
        [
          5.699676578990427,
          2.614885366260543,
          0.9221003624066809,
          0.0,
          0.0
        ]
      ],
      [
        [
          2.6800754200838615,
          0.027494938698241142,
          0.04371865042376227,
          0.0,
          0.0
        ]
      ]
    ]
  ]
}